title,url,viewCount,date,likes,channelUrl,channelId,numberOfSubscribers,commentsCount,input
2 Weeks with the iPhone 17... [Shot on iPhone 17],https://www.youtube.com/watch?v=X3W7jRBzhtE,215619,2025-10-04T12:11:46.000Z,4900,https://www.youtube.com/@Thetechchap,UCzlXf-yUIaOpOjEjPrOO9TA,1600000,551,Iphone 17
Apple iPhone 17 Pro full review,https://www.youtube.com/watch?v=7vmw1UH7CmU,2178,2025-10-10T06:20:43.000Z,212,https://www.youtube.com/@GSMArenaOfficial,UCbLq9tsbo8peV22VxbDAfXA,2050000,41,Iphone 17
Why I Love My iPhone Air (Space Black) And You Don't Have To!,https://www.youtube.com/watch?v=mO0SIzLPsRY,12252,2025-10-09T16:01:21.000Z,623,https://www.youtube.com/@QasimZafar,UCfkPR9Uo0OPfmmnD3TwHZ7A,15600,271,Iphone 17
The best base iPhone yet - iPhone 17,https://www.youtube.com/watch?v=MULs_gKWtS4,259267,2025-09-26T19:33:10.000Z,7600,https://www.youtube.com/@ShortCircuit,UCdBK94H6oZT2Q7l0-b0xmMg,2490000,510,Iphone 17
iPhone 17 and iPhone Air reviewed: Should you upgrade this year?,https://www.youtube.com/watch?v=WKsxkdO32gQ,171868,2025-10-06T13:01:04.000Z,163,https://www.youtube.com/@CNN,UCupvZG-5ko_eiXAupbDfxWw,18800000,46,Iphone 17
The iPhone 17 Problem,https://www.youtube.com/watch?v=GBl7vX6PjPE,177584,2025-09-20T00:28:08.000Z,5500,https://www.youtube.com/@austinevans,UCXGgrKt94gR6lmN4aN3mYTg,5690000,301,Iphone 17
"iPhone 17, 17 Pro & Air Hidden Features! New Apple Secrets",https://www.youtube.com/watch?v=FwFjBMb2A-Y,129051,2025-09-22T15:56:02.000Z,3000,https://www.youtube.com/@AppleTrack,UC2VrA-oteANZQ07TquwBvAQ,560000,138,Iphone 17
Apple's SUPRISE iPhone Update!,https://www.youtube.com/watch?v=NxNT_bHS9ro,30353,2025-10-08T18:44:19.000Z,680,https://www.youtube.com/@TheAppleCircle,UCz0zSuukBglV2YwG3_7uKRg,330000,173,Iphone 17
iPhone 17 Two Weeks Later - Forget The Pro!,https://www.youtube.com/watch?v=kWG6pYd7oDc,47490,2025-10-04T14:31:04.000Z,1200,https://www.youtube.com/@MikeOBrienMedia,UCZZ4ivUawsXRktLKej8d6Xw,619000,166,Iphone 17
Stop Wasting Money on Bad iPhone 17 Cases (Buy These Instead!),https://www.youtube.com/watch?v=kNDuVzKPU8Y,55613,2025-10-04T13:01:35.000Z,1100,https://www.youtube.com/@excessorizeme,UCj7ML5-da-bCCcHz0ipUmYQ,1560000,146,Iphone 17
10 Amazing Things To Do with Your Samsung Galaxy Z Fold 7 - Powerful Features,https://www.youtube.com/watch?v=Aod6NDXVTDY,36222,2025-07-20T20:19:08.000Z,647,https://www.youtube.com/@jspring86,UCVufJpooxaYTboekTMo9Djw,189000,114,Samsung Galaxy Z Fold 7
Samsung Galaxy Z Fold 7 | 3 Weeks Later. Best Foldable to Get in 2025? 🤔,https://www.youtube.com/watch?v=pHDazmxmtJw,58616,2025-07-30T11:39:09.000Z,812,https://www.youtube.com/@LimReviews,UCHOBvDVA-q1ozIlLBpLgpEQ,332000,127,Samsung Galaxy Z Fold 7
Watch this BEFORE you buy a case for the Samsung Z Fold 7,https://www.youtube.com/watch?v=Bv5zg9BRGws,53902,2025-08-16T13:33:03.000Z,729,https://www.youtube.com/@Unfilterd,UC4FoXEHxRR_nrll5bM-TsGA,26100,103,Samsung Galaxy Z Fold 7
Z Fold 7 - The COMPLETE Setup Guide! (40+ Settings/Features),https://www.youtube.com/watch?v=IVmARqDfaT8,117967,2025-08-02T13:01:47.000Z,2000,https://www.youtube.com/@TechisodeTV,UCo6hpY_BpeDt72PEJicyVOQ,410000,109,Samsung Galaxy Z Fold 7
Samsung Galaxy Z Fold 7 - “Real Review” / The Snyder Cut,https://www.youtube.com/watch?v=98kJLsc0UOA,291185,2025-07-25T13:00:01.000Z,10000,https://www.youtube.com/@FlossyCarter,UCFfCqe7b9YiDk2ZiAG8UIGA,2080000,3135,Samsung Galaxy Z Fold 7
Galaxy Z Fold 7 Review | What Have They Done?!,https://www.youtube.com/watch?v=yJ0yhhMYNCw,152843,2025-07-30T13:01:43.000Z,4200,https://www.youtube.com/@CreatedbyEllaYT,UCfuwnVrJuKnqb-2hQZbctsQ,631000,315,Samsung Galaxy Z Fold 7
"Samsung Galaxy Z Fold 7 - Tips, Tricks & Hidden Features!",https://www.youtube.com/watch?v=VRfOqtHi30E,413073,2025-08-12T15:01:01.000Z,13000,https://www.youtube.com/@HaylsWorld,UCIxLxlan8q9WA7sjuq6LdTQ,2490000,756,Samsung Galaxy Z Fold 7
Samsung Z Fold 7 Durability Test --- The End is Near,https://www.youtube.com/watch?v=8hgg4YEdPak,6138758,2025-07-27T18:20:45.000Z,140000,https://www.youtube.com/@JerryRigEverything,UCWFKCr40YwOZQx8FHU_ZqqQ,9660000,7818,Samsung Galaxy Z Fold 7
"Galaxy Z Fold 7 One Week Later, WORTH IT? (HONEST Review)",https://www.youtube.com/watch?v=JMvTyV-xduo,335454,2025-07-16T14:00:26.000Z,5700,https://www.youtube.com/@jonvaliagas,UCkPRaVKwxwqKkQsFD_FursQ,69800,1029,Samsung Galaxy Z Fold 7
Is The SAMSUNG Galaxy Z FLIP 6 Worth It? HONEST REVIEW,https://www.youtube.com/watch?v=_wDMdqbhyrg,633149,2024-08-04T13:00:39.000Z,5200,https://www.youtube.com/@TechFowler,UCwMbSEgxhmOB5dXcxRTKHJQ,121000,590,Samsung Galaxy Z Fold 7
iPhone 16 Pro Max vs Galaxy Z Fold 7 - Which is Better?,https://www.youtube.com/watch?v=24F8YEq7A44,91693,2025-07-25T15:39:39.000Z,966,https://www.youtube.com/@nickackermanchannel,UCWsEZ9v1KC8b5VYjYbEewJA,881000,264,Samsung Galaxy Z Fold 7
Discover Why the Galaxy Z Fold 7 is STILL King!,https://www.youtube.com/watch?v=w48rzw44f60,65237,2025-09-27T13:01:50.000Z,1600,https://www.youtube.com/@CJKnowsTECH,UC0IqRM2Mwybj7XV9YPnJn1Q,148000,342,Samsung Galaxy Z Fold 7
Apple User Switches to Galaxy Z fold 7 Months Later,https://www.youtube.com/watch?v=h0f07F6AZXw,87217,2025-08-25T13:01:20.000Z,1500,https://www.youtube.com/@CJKnowsTECH,UC0IqRM2Mwybj7XV9YPnJn1Q,148000,320,Samsung Galaxy Z Fold 7
iPhone 17 Review: No Asterisks!,https://www.youtube.com/watch?v=rng_yUSwrgU,3779031,2025-10-01T20:41:40.000Z,129000,https://www.youtube.com/@mkbhd,UCBJycsmduvYEL83R_U4JriQ,20400000,4903,Iphone 17
iPhone 17 vs 17 Pro - 10 MAJOR Differences after 2 Weeks!,https://www.youtube.com/watch?v=gUiKiU76r5w,82397,2025-10-07T14:01:00.000Z,1500,https://www.youtube.com/@MaxTechOfficial,UCptwuAv0XQHo1OQUSaO6NHw,1250000,126,Iphone 17
I Took a Break from iPhone - Galaxy Z Fold 7 Review (2 Weeks Later),https://www.youtube.com/watch?v=7HTlW-aYmL4,127025,2025-07-25T21:57:54.000Z,2500,https://www.youtube.com/@BrandonButch,UCpZy-Hfqcxf-R7nQzlv9Bvw,1380000,437,Samsung Galaxy Z Fold 7
iPhone 17 vs 17 Pro: DON'T Make a MISTAKE,https://www.youtube.com/watch?v=FlnMJ6Hlr1U,84290,2025-10-08T14:24:13.000Z,303,https://www.youtube.com/@PhoneArena,UCwPRdjbrlqTjWOl7ig9JLHg,1320000,49,Iphone 17
iPhone 17 & 17 Pro - First 24 Things To Do! (Tips & Tricks),https://www.youtube.com/watch?v=KcMDuJFBXsU,362000,2025-09-22T15:36:23.000Z,8000,https://www.youtube.com/@BrandonButch,UCpZy-Hfqcxf-R7nQzlv9Bvw,1380000,442,Iphone 17
Samsung Galaxy Z Fold 7 full review,https://www.youtube.com/watch?v=1TTX5MKXXqA,312222,2025-07-23T06:37:06.000Z,2700,https://www.youtube.com/@GSMArenaOfficial,UCbLq9tsbo8peV22VxbDAfXA,2050000,323,Samsung Galaxy Z Fold 7
Galaxy Z Fold 7 - One Week of Pros and Cons!,https://www.youtube.com/watch?v=3XgP0gMbjxk,128880,2025-07-16T22:16:00.000Z,1400,https://www.youtube.com/@TechisodeTV,UCo6hpY_BpeDt72PEJicyVOQ,410000,292,Samsung Galaxy Z Fold 7
iPhone 17 vs Pixel 10 vs Galaxy S25: Not What You’d Expect!,https://www.youtube.com/watch?v=l2U1XKn1M0I,73167,2025-10-08T20:00:37.000Z,2600,https://www.youtube.com/@versus_com,UCHKnV3AVMyRhb00s8si1QTQ,419000,520,Iphone 17
iPhone 17: A Photographer's Review,https://www.youtube.com/watch?v=KIwKEIMjBLM,1943908,2025-09-17T21:17:05.000Z,51000,https://www.youtube.com/@stalman,UC6OICk-ceplUJf4sCN3DMnQ,550000,1763,Iphone 17
"2 สัปดาห์กับ iPhone 17 Pro Max ใกล้เคียงคำว่า ""สมบูรณ์แบบ"" (เทียบ 16 Pro Max และ S25 Ultra)",https://www.youtube.com/watch?v=tneHAnd8b0Y,82305,2025-10-09T11:15:08.000Z,1700,https://www.youtube.com/@TumpYung,UCl8jzJb_DROSn379tdrZFFQ,956000,308,Iphone 17
【悲報】iPhone17、ユーザーの間で不満爆発してしまう…,https://www.youtube.com/watch?v=SssNuBwL4kQ,14195,2025-10-09T14:18:28.000Z,239,https://www.youtube.com/@Bunsoa_AfroPine,UChycbecV_RjNwEmNbGyxKVw,24500,90,Iphone 17
Samsung Z Fold/Flip 7 Impressions: Major Upgrades!,https://www.youtube.com/watch?v=bMou1qUMHC4,5156504,2025-07-09T14:00:38.000Z,121000,https://www.youtube.com/@mkbhd,UCBJycsmduvYEL83R_U4JriQ,20400000,7003,Samsung Galaxy Z Fold 7
"RECENSIONE iPhone 17 Pro Max e QUALE HA SENSO COMPRARE? Liscio, pro o Air?",https://www.youtube.com/watch?v=dGmqm3wSDso,53235,2025-10-09T10:30:21.000Z,2500,https://www.youtube.com/@AndreaGaleazzi,UC5yXB_ThsufRJYMRlzIGoeQ,1390000,483,Iphone 17
什麼才是「Pro」級的手機？iPhone 17 Pro，給出了「零妥協」的答案！從散熱、性能、相機到續航，充滿了「真 Pro」的感受 feat. Simmpo,https://www.youtube.com/watch?v=H93JJX31O3w,38631,2025-10-09T13:00:25.000Z,742,https://www.youtube.com/@applefans520,UCCC_m0Lw7Z4IT6IjoPb0ZLg,387000,91,Iphone 17
Fake/Clone iPhone 17 Pro Max [VS] Real Comparison!,https://www.youtube.com/watch?v=fWa6whbCFbI,252,2025-10-10T02:50:12.000Z,24,https://www.youtube.com/@MJTechChannel,UCemr5DdVlUMWvh3dW0SvUwQ,248000,9,Iphone 17
"iPhone 17 Pro Max опыт использования за 3 недели! Царапается ли, дизайн, удачный айфон?",https://www.youtube.com/watch?v=8J8BctUeetQ,9138,2025-10-09T13:29:23.000Z,392,https://www.youtube.com/@AppleTheme,UCBiK3KvkNxEs9Kza6uIh-xw,291000,169,Iphone 17
iPhone 17 ou iPhone 17 Pro - lequel est fait pour VOUS ?,https://www.youtube.com/watch?v=89GTqK85psg,3126,2025-10-09T10:00:23.000Z,124,https://www.youtube.com/@TheiMika,UCOtM8pxxBIfwqu6e8mHgUEQ,12700,8,Iphone 17
iPhone 17 vs iPhone 17 Pro - DON'T BE FOOLED!,https://www.youtube.com/watch?v=OEhqx4iJ4EM,173184,2025-09-28T18:42:56.000Z,3300,https://www.youtube.com/@GregsGadgets,UCoi3Uk6JtP9QgA5BRwnh6NQ,400000,419,Iphone 17
iPhone 17 vs iPhone 16 Pro - Nerdy Camera Comparison!,https://www.youtube.com/watch?v=Mfnfedi7_d0,86603,2025-10-07T13:29:54.000Z,2400,https://www.youtube.com/@StevenDivish,UC1KrRuj9mEuS6JhApLQjfLg,188000,205,Iphone 17
iOS 26 Review: Look! Something Shiny!,https://www.youtube.com/watch?v=eQdVdPZ_7Oo,7400,2025-10-09T20:57:01.000Z,442,https://www.youtube.com/@TailosiveTech,UCa962e5dqRMO1nUldwaaRMw,268000,148,Iphone 17
iPhone 17 Pro... Filmmaker’s Review After 2 Weeks,https://www.youtube.com/watch?v=8pMA6naAVo8,11161,2025-10-09T21:32:58.000Z,359,https://www.youtube.com/@MrPaulXavier,UCXyqlW3MOTbhpQIMapXMOSQ,451000,56,Iphone 17
Galaxy Fold 7 - Things That NO ONE Told You!,https://www.youtube.com/watch?v=LnDft5QSBaY,132639,2025-08-13T12:32:20.000Z,3100,https://www.youtube.com/@mobiscrub,UCGfluwZUeQNG5HvHuKfSKgw,589000,358,Samsung Galaxy Z Fold 7
iPhone 17 Durability Test -- Not all Scratches are Equal,https://www.youtube.com/watch?v=i9HXGAOtn2A,2363143,2025-09-25T13:07:00.000Z,117000,https://www.youtube.com/@JerryRigEverything,UCWFKCr40YwOZQx8FHU_ZqqQ,9660000,2016,Iphone 17
"iPhone 17 Pro | Pro Max - TIPS, TRICKS & HIDDEN FEATURES!",https://www.youtube.com/watch?v=M4CvP6ndrBw,430683,2025-09-22T20:03:45.000Z,12000,https://www.youtube.com/@HaylsWorld,UCIxLxlan8q9WA7sjuq6LdTQ,2490000,651,Iphone 17
Ultimate iPhone 17 Color Comparison - The Winner Surprised Me..,https://www.youtube.com/watch?v=lQ632FoXgsI,113449,2025-09-23T23:31:08.000Z,2100,https://www.youtube.com/@TausifHussain,UCrfKs1Lm9hV_YBo0SHf2IBA,116000,389,Iphone 17
THIS is why the Galaxy Z Fold 7 is WORTH The Upgrade!,https://www.youtube.com/watch?v=DUXMN47vMfs,117439,2025-08-28T02:12:19.000Z,2100,https://www.youtube.com/@TechisodeTV,UCo6hpY_BpeDt72PEJicyVOQ,410000,460,Samsung Galaxy Z Fold 7
Samsung Galaxy Z Fold 7 | TIPS TRICKS & NEW HIDDEN FEATURES!,https://www.youtube.com/watch?v=vhVZitretj8,104212,2025-07-24T16:40:46.000Z,3700,https://www.youtube.com/@romina,UCWJTYHtwinZAoibFPGGnfzQ,6630000,184,Samsung Galaxy Z Fold 7
Galaxy Z Fold 7 Two Months Later: Super Easy To Recommend! (HONEST THOUGHTS),https://www.youtube.com/watch?v=GlP-aQuZPBQ,22854,2025-10-05T13:15:01.000Z,364,https://www.youtube.com/@MTGProductions,UC2hhMa7DG_85in9BhFMsRQA,52400,32,Samsung Galaxy Z Fold 7
Samsung Galaxy Z Fold 7 vs Vivo X Fold 5 Comparison - The Ultimate Foldable Battle!,https://www.youtube.com/watch?v=KwS7rgzXQS0,34785,2025-10-01T05:41:35.000Z,1200,https://www.youtube.com/@TrakinTechEnglish,UCn7DATpF0Nk-YJmjw4gMwfg,792000,152,Samsung Galaxy Z Fold 7
iPhone 17 Pro Max vs Samsung Galaxy Z Fold 7,https://www.youtube.com/watch?v=k4JfufyS99M,46595,2025-09-11T13:36:44.000Z,159,https://www.youtube.com/@TMKTECH,UC7rqgrnUP9aMpwsIdnG7phw,50100,61,Samsung Galaxy Z Fold 7
Galaxy Z Fold 7 - really worth it? (Review),https://www.youtube.com/watch?v=rONbFLRddjI,22598,2025-08-02T18:30:31.000Z,502,https://www.youtube.com/@91Tech,UC4xZF3xguQCG76hZVUivoXw,359000,161,Samsung Galaxy Z Fold 7
I Switched from Galaxy S25 Ultra to Z Fold 7 for a Month - Here’s the TRUTH!,https://www.youtube.com/watch?v=xarO4WINizo,52666,2025-09-07T14:37:44.000Z,1300,https://www.youtube.com/@GadgetByte,UCskj1U7tvN6m7sZP7FAPpyQ,761000,153,Samsung Galaxy Z Fold 7
Samsung Galaxy Z Fold 7 - Why I'm Switching!,https://www.youtube.com/watch?v=vwRepAEcpsI,311781,2025-07-10T16:50:00.000Z,5600,https://www.youtube.com/@SuperSaf,UCIrrRLyFMVmmL9NDAU2obJA,2220000,1088,Samsung Galaxy Z Fold 7
The Truth About The Samsung Galaxy Z Fold 7 - 1 Month Later,https://www.youtube.com/watch?v=djnI5gGkFWM,293954,2025-08-16T14:01:02.000Z,4800,https://www.youtube.com/@SuperSaf,UCIrrRLyFMVmmL9NDAU2obJA,2220000,636,Samsung Galaxy Z Fold 7
"Samsung Galaxy Z Fold 7 Unboxing, Boot Animation, Incoming Call, Ringtone, Alarm Clock & Timer Alert",https://www.youtube.com/watch?v=X36LjLuLnTA,218619,2025-07-26T12:07:11.000Z,994,https://www.youtube.com/@NoCallerIDTV,UCCquqBUZm6Aaq010TPsBaWg,329000,72,Samsung Galaxy Z Fold 7
iPhone 17 Pro - 20 BEST Hidden Features!,https://www.youtube.com/watch?v=CnmiolWWNTM,37682,2025-09-24T21:25:59.000Z,881,https://www.youtube.com/@GregsGadgets,UCoi3Uk6JtP9QgA5BRwnh6NQ,400000,82,Iphone 17
Amazing Improvements : Samsung Galaxy Z Fold 7 vs Z Fold 6 📱🔥,https://www.youtube.com/watch?v=FwqQXlWvhG4,119760,2025-07-22T14:34:16.000Z,1100,https://www.youtube.com/@Techoob,UC42qyCQM39vQ6bt_6iz-Z8A,908000,58,Samsung Galaxy Z Fold 7
They’re Using Samsung Galaxy Z Fold 7 Wrong – Camera Test & Creative Workflow,https://www.youtube.com/watch?v=DRk904L1MEo,59546,2025-08-31T13:27:06.000Z,2300,https://www.youtube.com/@StevenDivish,UC1KrRuj9mEuS6JhApLQjfLg,188000,244,Samsung Galaxy Z Fold 7
iPhone 17: Everything New,https://www.youtube.com/watch?v=0Eu4BmdbuKU,47256,2025-10-08T21:57:16.000Z,1900,https://www.youtube.com/@AppleExplained,UCfw2hvuj40AChU7n-N-PRHA,1540000,258,Iphone 17
BRUTALLY HONEST - Pixel 10 Pro Fold Vs Galaxy Z Fold 7,https://www.youtube.com/watch?v=Q12vqGqxA4M,16036,2025-10-08T16:59:47.000Z,411,https://www.youtube.com/@CallMeKJOS,UCWDmj-ZSq80vmPbjYnxNb8g,33700,79,Samsung Galaxy Z Fold 7
Samsung Galaxy Z Fold 7 - Two Months Later! (Review),https://www.youtube.com/watch?v=6TUeOEVnwHI,3801,2025-10-05T15:15:00.000Z,108,https://www.youtube.com/@KevinBreeze,UCNPA_KrM6G5UwdOKkWpXBrw,255000,14,Samsung Galaxy Z Fold 7
iPhone 17 Review: Why It’s (Actually) Better Than the Pro,https://www.youtube.com/watch?v=7Ra4XbHdcEY,49844,2025-10-03T23:41:05.000Z,1400,https://www.youtube.com/@NikiasMolina,UC_TdF-rtQ8N53wHNbknPxkA,387000,119,Iphone 17
Macht das PRO fast überflüssig: iPhone 17 im Test-Fazit | CHIP,https://www.youtube.com/watch?v=sDG5PV2BC3A,2387,2025-10-09T16:30:17.000Z,61,https://www.youtube.com/@chip,UCIExMqAgc_Ywz7YGxst2ZPg,169000,3,Iphone 17
Pixel 10 Pro Fold Review | Google vs Samsung Galaxy Z Fold 7,https://www.youtube.com/watch?v=E6dGMsT-RNg,39266,2025-10-08T16:59:00.000Z,1300,https://www.youtube.com/@TechSpurt,UCVLN0tY51ewH44wUtx3YZTA,1320000,185,Samsung Galaxy Z Fold 7
Samsung Galaxy Z Fold 7 - HONEST Review 1 WEEK Later,https://www.youtube.com/watch?v=MlvZcKlIERg,249414,2025-07-14T13:09:55.000Z,2800,https://www.youtube.com/@XEETECHCARE,UCTqMx8l2TtdZ7_1A40qrFiQ,1790000,590,Samsung Galaxy Z Fold 7
"iPhone 17 Unboxing, Testing and Review - 4K 60",https://www.youtube.com/watch?v=wK6qIR-b7cA,239686,2025-09-21T13:07:00.000Z,4300,https://www.youtube.com/@zollotech,UCiQMYozSSTkJ2twtZM1bG9w,1880000,399,Iphone 17
iPhone 17 vs 17 Pro vs Air – Which One Should You Actually Buy?,https://www.youtube.com/watch?v=WX2uQhP_6Mo,22526,2025-10-09T15:16:37.000Z,557,https://www.youtube.com/@macrumors,UCaFGDBmGK_jw66u3av2Ysjw,618000,139,Iphone 17
iPhone 17 - First 27 Things To Do! (Tips & Tricks),https://www.youtube.com/watch?v=gES_AqHLyew,110774,2025-09-30T19:21:58.000Z,3400,https://www.youtube.com/@DionMedia,UCSwv_kfe851-26n_Dg4xnAg,172000,353,Iphone 17
iPhone 17 Pro Max vs iPhone 16 Pro Max,https://www.youtube.com/watch?v=Rqx5BUNW39A,35944,2025-10-09T13:27:57.000Z,756,https://www.youtube.com/@theroco,UCmMPiOTJMKHjNGEdjK6L7CQ,291000,190,Iphone 17
"IL SUPER CONFRONTO: iPhone 17 o Pixel 10? Chi è il migliore top di gamma ""entry level""?",https://www.youtube.com/watch?v=9T3v0sHcrkE,8769,2025-10-09T12:00:15.000Z,351,https://www.youtube.com/@HDblog,UCdufkvMrmyR1TMhDG8PhsJw,535000,81,Iphone 17
Samsung Galaxy Z Fold 4 - 9 Months Later!,https://www.youtube.com/watch?v=ySLVQyNxoP8,581581,2023-05-05T12:28:44.000Z,5700,https://www.youtube.com/@ShaneSymonds,UCwOCcE4enBgo4DenWHv0JYA,320000,701,Samsung Galaxy Z Fold 7
iPhone 17 Pro Max после года с iPhone 16 Pro Max?,https://www.youtube.com/watch?v=fTlrJgzu2Lc,2906,2025-10-09T17:30:17.000Z,117,https://www.youtube.com/@technodeus24,UCjo3paHQJSr8neeQfoP8noQ,151000,31,Iphone 17
iPhone 17 Pro Max vs Androidowe ultraflagowce - co kupić? Podpowiada @MobzillaTV,https://www.youtube.com/watch?v=DcjP1K2MBAY,4593,2025-10-09T14:13:00.000Z,235,https://www.youtube.com/@xkompl,UCmsxFRm1zRgueucG2Pc9Kzg,288000,66,Iphone 17
iPhone 17 Extreme Durability Test - Worlds Strongest Phone ?,https://www.youtube.com/watch?v=mZoHSgnqUKk,104336,2025-09-23T15:27:28.000Z,4700,https://www.youtube.com/@GuptaInformationSystem,UCqOLFDSLrYKJUuSS0tQqvcw,1800000,656,Iphone 17
"iPhone 17 vs 17 Pro After 1 Week - Why, Apple!?",https://www.youtube.com/watch?v=4lV4cykAiL4,332771,2025-09-28T23:31:05.000Z,5700,https://www.youtube.com/@BrandonButch,UCpZy-Hfqcxf-R7nQzlv9Bvw,1380000,721,Iphone 17
21 Tips and Tricks for the Samsung Galaxy Z Fold 7,https://www.youtube.com/watch?v=MN5ogBB6668,53625,2025-08-19T02:46:31.000Z,1100,https://www.youtube.com/@RADERTECH,UCeqem6KKa83rX7wAcNV1KEw,27500,102,Samsung Galaxy Z Fold 7
Samsung Galaxy Z Fold7 🤍| ✨️Aesthetic unboxing 🎀📦 & Customization ✨️ (ASMR),https://www.youtube.com/watch?v=Eaw_YSTdg1E,51757,2025-08-22T20:58:47.000Z,1500,https://www.youtube.com/@rimachnx,UCv0epCe7VNdebIcmOlVzeiw,86700,63,Samsung Galaxy Z Fold 7
Galaxy Z Fold 7 - 2 Weeks Later Real User Review,https://www.youtube.com/watch?v=lZee7UbIvVA,36558,2025-08-08T14:49:38.000Z,708,https://www.youtube.com/@nickackermanchannel,UCWsEZ9v1KC8b5VYjYbEewJA,881000,122,Samsung Galaxy Z Fold 7
How To Use Your iPhone 17! (Complete Beginners Guide),https://www.youtube.com/watch?v=NUDTbBV4Y_M,48613,2025-09-19T18:00:34.000Z,875,https://www.youtube.com/@SimpleAlpaca,UCy1PnKNVtEG-SfSzyIfnvrA,608000,26,Iphone 17
Samsung Z Fold 7 Review: 1 Month Later... (Watch Before You Buy),https://www.youtube.com/watch?v=C14otKq7qQY,101431,2025-08-02T19:34:37.000Z,1000,https://www.youtube.com/@DionMedia,UCSwv_kfe851-26n_Dg4xnAg,172000,146,Samsung Galaxy Z Fold 7
iPhone 17 Review: Apple’s Real Winner This Year!,https://www.youtube.com/watch?v=y5QO4Pk1Tmw,317321,2025-09-19T12:00:02.000Z,4300,https://www.youtube.com/@macrumors,UCaFGDBmGK_jw66u3av2Ysjw,618000,515,Iphone 17
先別買？iPhone 17 很多災情？盤點各種爆 Ping 延遲 過熱 掉漆等等災情,https://www.youtube.com/watch?v=lfQBIsY3Kz0,78747,2025-10-09T10:36:02.000Z,876,https://www.youtube.com/@goodskang,UCuQ7s6G50qzqgDbQB6qKDDw,147000,167,Iphone 17
2 Weeks Later: Galaxy Z Fold 7… Insanity!,https://www.youtube.com/watch?v=WV7xHeEi5uw,33904,2025-07-22T14:30:21.000Z,1100,https://www.youtube.com/@MarksTech,UCZFJqMf_h9F3yfjLtrl0frA,127000,269,Samsung Galaxy Z Fold 7
Samsung Fold 7 Tips & Tricks | First 20 Things To Try,https://www.youtube.com/watch?v=bUK6KP7kKuo,93376,2025-07-27T13:01:03.000Z,1800,https://www.youtube.com/@TechSpurt,UCVLN0tY51ewH44wUtx3YZTA,1320000,161,Samsung Galaxy Z Fold 7
iPhone 17 Pro Max vs Galaxy Z Fold 7 - The TOUGH Choice!,https://www.youtube.com/watch?v=_osH13vbb9s,69558,2025-10-02T13:01:16.000Z,1100,https://www.youtube.com/@MatthewMoniz,UCVlMUh4WsDQvOxCJJXmWwdw,893000,239,Samsung Galaxy Z Fold 7
Z Fold 7 S Pen - I Restored (almost) EVERYTHING!,https://www.youtube.com/watch?v=Gy1ijQnWLGc,207416,2025-07-23T20:31:00.000Z,5100,https://www.youtube.com/@TechisodeTV,UCo6hpY_BpeDt72PEJicyVOQ,410000,706,Samsung Galaxy Z Fold 7
I Am Returning My iPhone 17 Pro | 10 Days Review | Malayalam,https://www.youtube.com/watch?v=uVm2Q0EMiR0,98791,2025-10-10T03:34:26.000Z,6100,https://www.youtube.com/@CallMeShazzamTECH,UC9MQp8a5uhaIosZPHaoqEXQ,2360000,485,Iphone 17
Samsung Galaxy Z Fold 7 Review: It's Never Too Late To Start Trying,https://www.youtube.com/watch?v=jTzjkaEKZo8,497889,2025-07-27T04:15:10.000Z,14000,https://www.youtube.com/@TheMrMobile,UCSOpcUkE-is7u7c4AkLgqTw,1270000,1189,Samsung Galaxy Z Fold 7
Is The Samsung Galaxy Z Fold 7 Worth It? Two Week Review,https://www.youtube.com/watch?v=drL2HoyAkSM,73790,2025-08-07T23:48:08.000Z,1100,https://www.youtube.com/@TechFowler,UCwMbSEgxhmOB5dXcxRTKHJQ,121000,211,Samsung Galaxy Z Fold 7
One Month In | Is the Galaxy Z Fold 7 WORTH IT?,https://www.youtube.com/watch?v=ALEJ919NdI4,88298,2025-08-05T13:00:30.000Z,1700,https://www.youtube.com/@CJKnowsTECH,UC0IqRM2Mwybj7XV9YPnJn1Q,148000,389,Samsung Galaxy Z Fold 7
Samsung Galaxy Z Fold 7 In-Depth Review - Is This Foldable Finally Worth It?,https://www.youtube.com/watch?v=gxPihUgxVa0,77502,2025-08-05T20:14:49.000Z,1500,https://www.youtube.com/@briantong,UCzmwnZ_ZElg6kuE6e5QS4pg,325000,324,Samsung Galaxy Z Fold 7
iPhone 17 - The best almost pro phone for ✨ everyone ✨,https://www.youtube.com/watch?v=OYs5k-WE3Qo,266222,2025-09-17T12:00:32.000Z,7700,https://www.youtube.com/@iJustine,UCey_c7U86mJGz1VJWH5CYPA,7090000,403,Iphone 17
Samsung Galaxy Watch8 Classic full review,https://www.youtube.com/watch?v=nRUqOVzPDF4,47282,2025-08-27T18:04:59.000Z,727,https://www.youtube.com/@GSMArenaOfficial,UCbLq9tsbo8peV22VxbDAfXA,2050000,85,Samsung Galaxy Z Fold 7
Paint Chipping/Peeling Samsung Galaxy Z Fold 7  Aesthetic Quality Issue?,https://www.youtube.com/watch?v=nZ_Tcp73eqc,2187,2025-09-05T17:30:16.000Z,28,https://www.youtube.com/@myproject13ttt,UCr6keibvQyd3FmUA29Tjh0g,11000,37,Samsung Galaxy Z Fold 7
I Replaced My iPhone and iPad With The Z Fold 7 - 2 Months Later,https://www.youtube.com/watch?v=pHl71gDYCqs,321507,2025-08-29T18:02:29.000Z,2600,https://www.youtube.com/@JonImperial,UCeOouRs24EmbFPdgEghtRZQ,64600,434,Samsung Galaxy Z Fold 7
iPhone 17 vs Samsung Galaxy S25 - Który jest LEPSZYM wyborem? Obejrzyj PRZED zakupem | Porównanie,https://www.youtube.com/watch?v=ibsQwEajqRU,3463,2025-10-09T16:01:20.000Z,131,https://www.youtube.com/@MateuszKrawczyk,UCvb_3WrGri7dqKP2j-EvcDA,449000,20,Iphone 17
Apple iPhone 17 full review,https://www.youtube.com/watch?v=NTfqqK8HEBM,50047,2025-10-07T16:51:34.000Z,1300,https://www.youtube.com/@GSMArenaOfficial,UCbLq9tsbo8peV22VxbDAfXA,2050000,126,Iphone 17
